"","t","R"
"1",0,1200
"2",1.001001001001,1198.37107655133
"3",2.002002002002,1196.74436426232
"4",3.003003003003,1195.11986013148
"5",4.004004004004,1193.49756116136
"6",5.00500500500501,1191.8774643586
"7",6.00600600600601,1190.2595667339
"8",7.00700700700701,1188.64386530201
"9",8.00800800800801,1187.03035708175
"10",9.00900900900901,1185.41903909597
"11",10.01001001001,1183.80990837156
"12",11.011011011011,1182.20296193947
"13",12.012012012012,1180.59819683464
"14",13.013013013013,1178.99561009607
"15",14.014014014014,1177.39519876676
"16",15.015015015015,1175.79695989374
"17",16.016016016016,1174.20089052803
"18",17.017017017017,1172.60698772467
"19",18.018018018018,1171.01524854268
"20",19.019019019019,1169.42567004509
"21",20.02002002002,1167.83824929891
"22",21.021021021021,1166.25298337513
"23",22.022022022022,1164.66986934871
"24",23.023023023023,1163.08890429858
"25",24.024024024024,1161.51008530766
"26",25.025025025025,1159.93340946281
"27",26.026026026026,1158.35887385483
"28",27.027027027027,1156.78647557849
"29",28.028028028028,1155.21621173251
"30",29.029029029029,1153.64807941953
"31",30.03003003003,1152.08207574613
"32",31.031031031031,1150.51819782281
"33",32.032032032032,1148.95644276401
"34",33.033033033033,1147.39680768808
"35",34.034034034034,1145.83928971726
"36",35.035035035035,1144.28388597774
"37",36.036036036036,1142.73059359956
"38",37.037037037037,1141.1794097167
"39",38.038038038038,1139.63033146701
"40",39.039039039039,1138.08335599222
"41",40.04004004004,1136.53848043795
"42",41.041041041041,1134.9957019537
"43",42.042042042042,1133.45501769282
"44",43.043043043043,1131.91642481254
"45",44.044044044044,1130.37992047394
"46",45.0450450450451,1128.84550184197
"47",46.0460460460461,1127.3131660854
"48",47.0470470470471,1125.78291037687
"49",48.0480480480481,1124.25473189285
"50",49.0490490490491,1122.72862781363
"51",50.0500500500501,1121.20459532334
"52",51.0510510510511,1119.68263160994
"53",52.0520520520521,1118.16273386519
"54",53.0530530530531,1116.64489928467
"55",54.0540540540541,1115.12912506776
"56",55.0550550550551,1113.61540841766
"57",56.0560560560561,1112.10374654135
"58",57.0570570570571,1110.5941366496
"59",58.0580580580581,1109.08657595698
"60",59.0590590590591,1107.58106168182
"61",60.0600600600601,1106.07759104625
"62",61.0610610610611,1104.57616127616
"63",62.0620620620621,1103.07676960121
"64",63.0630630630631,1101.5794132548
"65",64.0640640640641,1100.08408947411
"66",65.0650650650651,1098.59079550006
"67",66.0660660660661,1097.09952857732
"68",67.0670670670671,1095.6102859543
"69",68.0680680680681,1094.12306488313
"70",69.0690690690691,1092.6378626197
"71",70.0700700700701,1091.15467642359
"72",71.0710710710711,1089.67350355813
"73",72.0720720720721,1088.19434129034
"74",73.0730730730731,1086.71718689097
"75",74.0740740740741,1085.24203763447
"76",75.0750750750751,1083.76889079898
"77",76.0760760760761,1082.29774366634
"78",77.0770770770771,1080.82859352209
"79",78.0780780780781,1079.36143765543
"80",79.0790790790791,1077.89627335927
"81",80.0800800800801,1076.43309793018
"82",81.0810810810811,1074.97190866839
"83",82.0820820820821,1073.51270287781
"84",83.0830830830831,1072.055477866
"85",84.0840840840841,1070.60023094419
"86",85.0850850850851,1069.14695942724
"87",86.0860860860861,1067.69566063367
"88",87.0870870870871,1066.24633188562
"89",88.0880880880881,1064.7989705089
"90",89.0890890890891,1063.35357383291
"91",90.0900900900901,1061.9101391907
"92",91.0910910910911,1060.46866391894
"93",92.0920920920921,1059.02914535791
"94",93.0930930930931,1057.59158085149
"95",94.0940940940941,1056.15596774718
"96",95.0950950950951,1054.72230339608
"97",96.0960960960961,1053.29058515288
"98",97.0970970970971,1051.86081037586
"99",98.0980980980981,1050.4329764269
"100",99.0990990990991,1049.00708067143
"101",100.1001001001,1047.58312047849
"102",101.101101101101,1046.16109322067
"103",102.102102102102,1044.74099627414
"104",103.103103103103,1043.32282701862
"105",104.104104104104,1041.9065828374
"106",105.105105105105,1040.4922611173
"107",106.106106106106,1039.07985924872
"108",107.107107107107,1037.66937462558
"109",108.108108108108,1036.26080464533
"110",109.109109109109,1034.85414670897
"111",110.11011011011,1033.44939822103
"112",111.111111111111,1032.04655658955
"113",112.112112112112,1030.64561922609
"114",113.113113113113,1029.24658354573
"115",114.114114114114,1027.84944696706
"116",115.115115115115,1026.45420691216
"117",116.116116116116,1025.06086080664
"118",117.117117117117,1023.66940607957
"119",118.118118118118,1022.27984016352
"120",119.119119119119,1020.89216049457
"121",120.12012012012,1019.50636451224
"122",121.121121121121,1018.12244965955
"123",122.122122122122,1016.74041338299
"124",123.123123123123,1015.36025313251
"125",124.124124124124,1013.98196636153
"126",125.125125125125,1012.60555052691
"127",126.126126126126,1011.23100308899
"128",127.127127127127,1009.85832151152
"129",128.128128128128,1008.48750326173
"130",129.129129129129,1007.11854581027
"131",130.13013013013,1005.75144663122
"132",131.131131131131,1004.38620320209
"133",132.132132132132,1003.02281300382
"134",133.133133133133,1001.66127352077
"135",134.134134134134,1000.30158224072
"136",135.135135135135,998.943736654836
"137",136.136136136136,997.587734257718
"138",137.137137137137,996.23357254735
"139",138.138138138138,994.881249025118
"140",139.139139139139,993.530761195799
"141",140.14014014014,992.182106567557
"142",141.141141141141,990.835282651938
"143",142.142142142142,989.490286963868
"144",143.143143143143,988.147117021642
"145",144.144144144144,986.805770346929
"146",145.145145145145,985.466244464759
"147",146.146146146146,984.128536903522
"148",147.147147147147,982.792645194962
"149",148.148148148148,981.458566874177
"150",149.149149149149,980.126299479608
"151",150.15015015015,978.795840553038
"152",151.151151151151,977.467187639587
"153",152.152152152152,976.140338287708
"154",153.153153153153,974.81529004918
"155",154.154154154154,973.492040479108
"156",155.155155155155,972.170587135914
"157",156.156156156156,970.850927581333
"158",157.157157157157,969.533059380414
"159",158.158158158158,968.216980101506
"160",159.159159159159,966.902687316263
"161",160.16016016016,965.590178599634
"162",161.161161161161,964.279451529859
"163",162.162162162162,962.970503688467
"164",163.163163163163,961.663332660268
"165",164.164164164164,960.357936033351
"166",165.165165165165,959.05431139908
"167",166.166166166166,957.752456352089
"168",167.167167167167,956.452368490275
"169",168.168168168168,955.154045414798
"170",169.169169169169,953.857484730071
"171",170.17017017017,952.562684043763
"172",171.171171171171,951.269640966788
"173",172.172172172172,949.978353113303
"174",173.173173173173,948.688818100704
"175",174.174174174174,947.401033549622
"176",175.175175175175,946.114997083916
"177",176.176176176176,944.830706330673
"178",177.177177177177,943.548158920199
"179",178.178178178178,942.267352486018
"180",179.179179179179,940.988284664864
"181",180.18018018018,939.710953096683
"182",181.181181181181,938.435355424621
"183",182.182182182182,937.161489295025
"184",183.183183183183,935.889352357436
"185",184.184184184184,934.618942264587
"186",185.185185185185,933.350256672396
"187",186.186186186186,932.083293239963
"188",187.187187187187,930.818049629567
"189",188.188188188188,929.554523506658
"190",189.189189189189,928.292712539858
"191",190.19019019019,927.03261440095
"192",191.191191191191,925.774226764881
"193",192.192192192192,924.517547309752
"194",193.193193193193,923.262573716816
"195",194.194194194194,922.009303670474
"196",195.195195195195,920.757734858271
"197",196.196196196196,919.507864970889
"198",197.197197197197,918.259691702147
"199",198.198198198198,917.013212748992
"200",199.199199199199,915.7684258115
"201",200.2002002002,914.525328592868
"202",201.201201201201,913.283918799409
"203",202.202202202202,912.044194140551
"204",203.203203203203,910.806152328833
"205",204.204204204204,909.569791079895
"206",205.205205205205,908.335108112483
"207",206.206206206206,907.102101148435
"208",207.207207207207,905.870767912683
"209",208.208208208208,904.641106133249
"210",209.209209209209,903.413113541237
"211",210.21021021021,902.186787870832
"212",211.211211211211,900.962126859293
"213",212.212212212212,899.739128246953
"214",213.213213213213,898.517789777211
"215",214.214214214214,897.298109196529
"216",215.215215215215,896.080084254428
"217",216.216216216216,894.863712703485
"218",217.217217217217,893.648992299327
"219",218.218218218218,892.435920800627
"220",219.219219219219,891.224495969102
"221",220.22022022022,890.014715569505
"222",221.221221221221,888.806577369625
"223",222.222222222222,887.600079140281
"224",223.223223223223,886.395218655318
"225",224.224224224224,885.191993691601
"226",225.225225225225,883.990402029016
"227",226.226226226226,882.79044145046
"228",227.227227227227,881.59210974184
"229",228.228228228228,880.39540469207
"230",229.229229229229,879.200324093064
"231",230.23023023023,878.006865739733
"232",231.231231231231,876.815027429983
"233",232.232232232232,875.624806964708
"234",233.233233233233,874.436202147787
"235",234.234234234234,873.249210786081
"236",235.235235235235,872.063830689427
"237",236.236236236236,870.880059670635
"238",237.237237237237,869.697895545485
"239",238.238238238238,868.517336132722
"240",239.239239239239,867.33837925405
"241",240.24024024024,866.161022734132
"242",241.241241241241,864.985264400583
"243",242.242242242242,863.811102083967
"244",243.243243243243,862.638533617793
"245",244.244244244244,861.46755683851
"246",245.245245245245,860.298169585505
"247",246.246246246246,859.130369701098
"248",247.247247247247,857.964155030536
"249",248.248248248248,856.799523421994
"250",249.249249249249,855.636472726566
"251",250.25025025025,854.475000798262
"252",251.251251251251,853.315105494007
"253",252.252252252252,852.156784673635
"254",253.253253253253,851.000036199884
"255",254.254254254254,849.844857938394
"256",255.255255255255,848.691247757702
"257",256.256256256256,847.539203529238
"258",257.257257257257,846.388723127322
"259",258.258258258258,845.23980442916
"260",259.259259259259,844.092445314837
"261",260.26026026026,842.946643667319
"262",261.261261261261,841.802397372444
"263",262.262262262262,840.659704318919
"264",263.263263263263,839.518562398319
"265",264.264264264264,838.37896950508
"266",265.265265265265,837.240923536495
"267",266.266266266266,836.104422392713
"268",267.267267267267,834.969463976734
"269",268.268268268268,833.836046194402
"270",269.269269269269,832.704166954406
"271",270.27027027027,831.573824168273
"272",271.271271271271,830.445015750364
"273",272.272272272272,829.317739617872
"274",273.273273273273,828.191993690818
"275",274.274274274274,827.067775892046
"276",275.275275275275,825.945084147219
"277",276.276276276276,824.823916384815
"278",277.277277277277,823.704270536127
"279",278.278278278278,822.586144535253
"280",279.279279279279,821.469536319097
"281",280.28028028028,820.354443827362
"282",281.281281281281,819.240865002551
"283",282.282282282282,818.128797789955
"284",283.283283283283,817.01824013766
"285",284.284284284284,815.909189996531
"286",285.285285285285,814.80164532022
"287",286.286286286286,813.695604065153
"288",287.287287287287,812.591064190533
"289",288.288288288288,811.488023658331
"290",289.289289289289,810.386480433285
"291",290.29029029029,809.286432482897
"292",291.291291291291,808.187877777426
"293",292.292292292292,807.090814289888
"294",293.293293293293,805.99523999605
"295",294.294294294294,804.901152874426
"296",295.295295295295,803.808550906275
"297",296.296296296296,802.717432075595
"298",297.297297297297,801.627794369122
"299",298.298298298298,800.539635776325
"300",299.299299299299,799.452954289402
"301",300.3003003003,798.367747903274
"302",301.301301301301,797.284014615587
"303",302.302302302302,796.201752426703
"304",303.303303303303,795.120959339701
"305",304.304304304304,794.041633360368
"306",305.305305305305,792.963772497198
"307",306.306306306306,791.88737476139
"308",307.307307307307,790.812438166842
"309",308.308308308308,789.738960730148
"310",309.309309309309,788.666940470595
"311",310.31031031031,787.596375410156
"312",311.311311311311,786.527263573493
"313",312.312312312312,785.459602987946
"314",313.313313313313,784.393391683535
"315",314.314314314314,783.328627692954
"316",315.315315315315,782.265309051565
"317",316.316316316316,781.2034337974
"318",317.317317317317,780.142999971153
"319",318.318318318318,779.084005616176
"320",319.319319319319,778.026448778481
"321",320.32032032032,776.970327506728
"322",321.321321321321,775.915639852228
"323",322.322322322322,774.862383868939
"324",323.323323323323,773.810557613456
"325",324.324324324324,772.760159145016
"326",325.325325325325,771.711186525489
"327",326.326326326326,770.663637819377
"328",327.327327327327,769.617511093807
"329",328.328328328328,768.572804418531
"330",329.329329329329,767.529515865923
"331",330.33033033033,766.48764351097
"332",331.331331331331,765.447185431276
"333",332.332332332332,764.408139707051
"334",333.333333333333,763.370504421112
"335",334.334334334334,762.334277658881
"336",335.335335335335,761.299457508376
"337",336.336336336336,760.266042060211
"338",337.337337337337,759.234029407593
"339",338.338338338338,758.203417646315
"340",339.339339339339,757.174204874758
"341",340.34034034034,756.146389193882
"342",341.341341341341,755.119968707226
"343",342.342342342342,754.094941520902
"344",343.343343343343,753.071305743594
"345",344.344344344344,752.049059486553
"346",345.345345345345,751.028200863594
"347",346.346346346346,750.008727991093
"348",347.347347347347,748.99063898798
"349",348.348348348348,747.973931975743
"350",349.349349349349,746.958605078417
"351",350.35035035035,745.944656422583
"352",351.351351351351,744.932084137366
"353",352.352352352352,743.920886354433
"354",353.353353353353,742.911061207982
"355",354.354354354354,741.902606834748
"356",355.355355355355,740.895521373994
"357",356.356356356356,739.889802967508
"358",357.357357357357,738.885449759601
"359",358.358358358358,737.882459897103
"360",359.359359359359,736.88083152936
"361",360.36036036036,735.88056280823
"362",361.361361361361,734.881651888079
"363",362.362362362362,733.884096925779
"364",363.363363363363,732.887896080703
"365",364.364364364364,731.893047514724
"366",365.365365365365,730.899549392209
"367",366.366366366366,729.907399880017
"368",367.367367367367,728.916597147496
"369",368.368368368368,727.927139366479
"370",369.369369369369,726.939024711279
"371",370.37037037037,725.952251358689
"372",371.371371371371,724.966817487976
"373",372.372372372372,723.982721280879
"374",373.373373373373,722.999960921605
"375",374.374374374374,722.018534596825
"376",375.375375375375,721.038440495674
"377",376.376376376376,720.059676809742
"378",377.377377377377,719.082241733076
"379",378.378378378378,718.106133462172
"380",379.379379379379,717.131350195978
"381",380.38038038038,716.157890135884
"382",381.381381381381,715.185751485722
"383",382.382382382382,714.214932451761
"384",383.383383383383,713.245431242708
"385",384.384384384384,712.277246069699
"386",385.385385385385,711.3103751463
"387",386.386386386386,710.344816688499
"388",387.387387387387,709.38056891471
"389",388.388388388388,708.417630045761
"390",389.389389389389,707.455998304898
"391",390.39039039039,706.495671917778
"392",391.391391391391,705.536649112467
"393",392.392392392392,704.578928119436
"394",393.393393393393,703.622507171557
"395",394.394394394394,702.667384504101
"396",395.395395395395,701.713558354737
"397",396.396396396396,700.761026963524
"398",397.397397397397,699.809788572909
"399",398.398398398398,698.859841427728
"400",399.399399399399,697.911183775196
"401",400.4004004004,696.96381386491
"402",401.401401401401,696.017729948842
"403",402.402402402402,695.072930281337
"404",403.403403403403,694.129413119109
"405",404.404404404404,693.18717672124
"406",405.405405405405,692.246219349172
"407",406.406406406406,691.306539266711
"408",407.407407407407,690.368134740017
"409",408.408408408408,689.431004037604
"410",409.409409409409,688.495145430338
"411",410.41041041041,687.56055719143
"412",411.411411411411,686.627237596437
"413",412.412412412412,685.695184923254
"414",413.413413413413,684.764397452117
"415",414.414414414414,683.834873465595
"416",415.415415415415,682.906611248588
"417",416.416416416416,681.979609088324
"418",417.417417417417,681.053865274356
"419",418.418418418418,680.12937809856
"420",419.419419419419,679.20614585513
"421",420.42042042042,678.284166840574
"422",421.421421421421,677.363439353715
"423",422.422422422422,676.443961695684
"424",423.423423423423,675.525732169917
"425",424.424424424424,674.608749082156
"426",425.425425425425,673.693010740439
"427",426.426426426426,672.778515455104
"428",427.427427427427,671.86526153878
"429",428.428428428428,670.953247306388
"430",429.429429429429,670.042471075137
"431",430.43043043043,669.132931164519
"432",431.431431431431,668.224625896308
"433",432.432432432432,667.317553594555
"434",433.433433433433,666.411712585587
"435",434.434434434434,665.507101198002
"436",435.435435435435,664.603717762669
"437",436.436436436436,663.70156061272
"438",437.437437437437,662.80062808355
"439",438.438438438438,661.900918512816
"440",439.439439439439,661.002430240429
"441",440.44044044044,660.105161608555
"442",441.441441441441,659.20911096161
"443",442.442442442442,658.314276646256
"444",443.443443443443,657.420657011401
"445",444.444444444444,656.528250408194
"446",445.445445445446,655.637055190022
"447",446.446446446446,654.747069712507
"448",447.447447447447,653.858292333503
"449",448.448448448449,652.970721413093
"450",449.44944944945,652.084355313587
"451",450.45045045045,651.199192399517
"452",451.451451451451,650.315231037637
"453",452.452452452453,649.432469596914
"454",453.453453453454,648.550906448534
"455",454.454454454454,647.67053996589
"456",455.455455455455,646.791368524586
"457",456.456456456457,645.913390502428
"458",457.457457457458,645.036604279426
"459",458.458458458458,644.16100823779
"460",459.459459459459,643.286600761924
"461",460.460460460461,642.413380238425
"462",461.461461461462,641.541345056082
"463",462.462462462462,640.670493605869
"464",463.463463463463,639.800824280946
"465",464.464464464465,638.932335476652
"466",465.465465465466,638.065025590507
"467",466.466466466466,637.198893022205
"468",467.467467467467,636.333936173611
"469",468.468468468469,635.470153448761
"470",469.46946946947,634.607543253857
"471",470.470470470471,633.746103997264
"472",471.471471471471,632.885834089509
"473",472.472472472473,632.026731943274
"474",473.473473473474,631.168795973398
"475",474.474474474475,630.312024596871
"476",475.475475475475,629.456416232832
"477",476.476476476477,628.601969302566
"478",477.477477477478,627.7486822295
"479",478.478478478479,626.896553439202
"480",479.479479479479,626.045581359377
"481",480.480480480481,625.195764419865
"482",481.481481481482,624.347101052636
"483",482.482482482483,623.499589691789
"484",483.483483483484,622.653228773549
"485",484.484484484485,621.808016736265
"486",485.485485485486,620.963952020403
"487",486.486486486487,620.121033068547
"488",487.487487487488,619.279258325396
"489",488.488488488489,618.43862623776
"490",489.48948948949,617.599135254556
"491",490.490490490491,616.760783826809
"492",491.491491491492,615.923570407644
"493",492.492492492493,615.087493452288
"494",493.493493493494,614.252551418062
"495",494.494494494495,613.418742764385
"496",495.495495495496,612.586065952765
"497",496.496496496497,611.754519446797
"498",497.497497497498,610.924101712165
"499",498.498498498499,610.094811216632
"500",499.4994994995,609.266646430045
"501",500.500500500501,608.439605824324
"502",501.501501501502,607.613687873467
"503",502.502502502503,606.78889105354
"504",503.503503503504,605.96521384268
"505",504.504504504505,605.14265472109
"506",505.505505505506,604.321212171033
"507",506.506506506507,603.500884676836
"508",507.507507507508,602.681670724882
"509",508.508508508509,601.863568803607
"510",509.50950950951,601.046577403502
"511",510.510510510511,600.230695017104
"512",511.511511511512,599.415920138998
"513",512.512512512513,598.602251265812
"514",513.513513513514,597.789686896216
"515",514.514514514515,596.978225530916
"516",515.515515515516,596.167865672653
"517",516.516516516517,595.358605826203
"518",517.517517517518,594.55044449837
"519",518.518518518519,593.743380197984
"520",519.51951951952,592.937411435902
"521",520.520520520521,592.132536724999
"522",521.521521521522,591.32875458017
"523",522.522522522523,590.526063518328
"524",523.523523523524,589.724462058397
"525",524.524524524525,588.92394872131
"526",525.525525525526,588.124522030012
"527",526.526526526527,587.32618050945
"528",527.527527527528,586.528922686574
"529",528.528528528529,585.732747090333
"530",529.52952952953,584.937652251673
"531",530.530530530531,584.143636703536
"532",531.531531531532,583.350698980853
"533",532.532532532533,582.558837620544
"534",533.533533533534,581.768051161517
"535",534.534534534535,580.978338144662
"536",535.535535535536,580.18969711285
"537",536.536536536537,579.402126610928
"538",537.537537537538,578.615625185721
"539",538.538538538539,577.830191386027
"540",539.53953953954,577.04582376261
"541",540.540540540541,576.262520868204
"542",541.541541541542,575.480281257509
"543",542.542542542543,574.699103487185
"544",543.543543543544,573.91898611585
"545",544.544544544545,573.139927704081
"546",545.545545545546,572.361926814407
"547",546.546546546547,571.58498201131
"548",547.547547547548,570.80909186122
"549",548.548548548549,570.034254932513
"550",549.54954954955,569.260469795508
"551",550.550550550551,568.487735022463
"552",551.551551551552,567.716049187579
"553",552.552552552553,566.945410866987
"554",553.553553553554,566.175818638755
"555",554.554554554555,565.407271082878
"556",555.555555555556,564.63976678128
"557",556.556556556557,563.87330431781
"558",557.557557557558,563.10788227824
"559",558.558558558559,562.34349925026
"560",559.55955955956,561.580153823478
"561",560.560560560561,560.817844589418
"562",561.561561561562,560.056570141512
"563",562.562562562563,559.296329075106
"564",563.563563563564,558.53711998745
"565",564.564564564565,557.778941477698
"566",565.565565565566,557.021792146907
"567",566.566566566567,556.265670598032
"568",567.567567567568,555.510575435924
"569",568.568568568569,554.756505267329
"570",569.56956956957,554.003458700884
"571",570.570570570571,553.251434347114
"572",571.571571571572,552.50043081843
"573",572.572572572573,551.750446729128
"574",573.573573573574,551.001480695384
"575",574.574574574575,550.253531335252
"576",575.575575575576,549.506597268663
"577",576.576576576577,548.760677117419
"578",577.577577577578,548.015769505197
"579",578.578578578579,547.271873057539
"580",579.57957957958,546.528986401853
"581",580.580580580581,545.787108167412
"582",581.581581581582,545.046236985347
"583",582.582582582583,544.30637148865
"584",583.583583583584,543.567510312166
"585",584.584584584585,542.829652092596
"586",585.585585585586,542.092795468488
"587",586.586586586587,541.356939080242
"588",587.587587587588,540.6220815701
"589",588.588588588589,539.88822158215
"590",589.58958958959,539.155357762318
"591",590.590590590591,538.423488758371
"592",591.591591591592,537.692613219908
"593",592.592592592593,536.962729798365
"594",593.593593593594,536.233837147004
"595",594.594594594595,535.50593392092
"596",595.595595595596,534.77901877703
"597",596.596596596597,534.053090374077
"598",597.597597597598,533.328147372621
"599",598.598598598599,532.604188435043
"600",599.5995995996,531.88121222554
"601",600.600600600601,531.159217410121
"602",601.601601601602,530.438202656606
"603",602.602602602603,529.718166634623
"604",603.603603603604,528.999108015606
"605",604.604604604605,528.281025472795
"606",605.605605605606,527.563917681227
"607",606.606606606607,526.847783317739
"608",607.607607607608,526.132621060966
"609",608.608608608609,525.418429591334
"610",609.60960960961,524.705207591062
"611",610.610610610611,523.992953744156
"612",611.611611611612,523.281666736412
"613",612.612612612613,522.571345255405
"614",613.613613613614,521.861987990496
"615",614.614614614615,521.153593632821
"616",615.615615615616,520.446160875297
"617",616.616616616617,519.739688412612
"618",617.617617617618,519.034174941227
"619",618.618618618619,518.329619159374
"620",619.61961961962,517.626019767048
"621",620.620620620621,516.923375466013
"622",621.621621621622,516.221684959793
"623",622.622622622623,515.520946953672
"624",623.623623623624,514.821160154693
"625",624.624624624625,514.122323271652
"626",625.625625625626,513.424435015099
"627",626.626626626627,512.727494097333
"628",627.627627627628,512.031499232404
"629",628.628628628629,511.336449136105
"630",629.62962962963,510.642342525972
"631",630.630630630631,509.949178121284
"632",631.631631631632,509.256954643056
"633",632.632632632633,508.565670814041
"634",633.633633633634,507.875325358725
"635",634.634634634635,507.185917003325
"636",635.635635635636,506.497444475789
"637",636.636636636637,505.809906505789
"638",637.637637637638,505.123301824723
"639",638.638638638639,504.437629165712
"640",639.63963963964,503.752887263594
"641",640.640640640641,503.069074854927
"642",641.641641641642,502.386190677982
"643",642.642642642643,501.704233472744
"644",643.643643643644,501.023201980909
"645",644.644644644645,500.343094945879
"646",645.645645645646,499.663911112763
"647",646.646646646647,498.985649228373
"648",647.647647647648,498.308308041223
"649",648.648648648649,497.631886301526
"650",649.64964964965,496.956382761189
"651",650.650650650651,496.281796173816
"652",651.651651651652,495.608125294701
"653",652.652652652653,494.93536888083
"654",653.653653653654,494.263525690873
"655",654.654654654655,493.592594485188
"656",655.655655655656,492.922574025814
"657",656.656656656657,492.253463076472
"658",657.657657657658,491.585260402558
"659",658.658658658659,490.917964771148
"660",659.65965965966,490.251574950989
"661",660.660660660661,489.5860897125
"662",661.661661661662,488.921507827769
"663",662.662662662663,488.257828070552
"664",663.663663663664,487.595049216266
"665",664.664664664665,486.933170041995
"666",665.665665665666,486.272189326479
"667",666.666666666667,485.61210585012
"668",667.667667667668,484.95291839497
"669",668.668668668669,484.29462574474
"670",669.66966966967,483.637226684788
"671",670.670670670671,482.980720002123
"672",671.671671671672,482.325104485399
"673",672.672672672673,481.670378924916
"674",673.673673673674,481.016542112614
"675",674.674674674675,480.363592842075
"676",675.675675675676,479.711529908517
"677",676.676676676677,479.060352108794
"678",677.677677677678,478.410058241394
"679",678.678678678679,477.760647106435
"680",679.67967967968,477.112117505664
"681",680.680680680681,476.464468242455
"682",681.681681681682,475.817698121805
"683",682.682682682683,475.171805950334
"684",683.683683683684,474.526790536284
"685",684.684684684685,473.88265068951
"686",685.685685685686,473.239385221487
"687",686.686686686687,472.596992945301
"688",687.687687687688,471.95547267565
"689",688.688688688689,471.314823228841
"690",689.68968968969,470.675043422786
"691",690.690690690691,470.036132077006
"692",691.691691691692,469.398088012619
"693",692.692692692693,468.760910052347
"694",693.693693693694,468.124597020509
"695",694.694694694695,467.489147743019
"696",695.695695695696,466.854561047387
"697",696.696696696697,466.220835762712
"698",697.697697697698,465.587970719683
"699",698.698698698699,464.955964750578
"700",699.6996996997,464.324816689259
"701",700.700700700701,463.694525371171
"702",701.701701701702,463.065089633339
"703",702.702702702703,462.436508314367
"704",703.703703703704,461.808780254437
"705",704.704704704705,461.181904295304
"706",705.705705705706,460.555879280295
"707",706.706706706707,459.930704054308
"708",707.707707707708,459.306377463809
"709",708.708708708709,458.682898356829
"710",709.70970970971,458.060265582963
"711",710.710710710711,457.438477993368
"712",711.711711711712,456.817534440761
"713",712.712712712713,456.197433779414
"714",713.713713713714,455.578174865158
"715",714.714714714715,454.959756555373
"716",715.715715715716,454.342177708993
"717",716.716716716717,453.7254371865
"718",717.717717717718,453.109533849923
"719",718.718718718719,452.494466562835
"720",719.71971971972,451.880234190352
"721",720.720720720721,451.266835599131
"722",721.721721721722,450.654269657368
"723",722.722722722723,450.042535234793
"724",723.723723723724,449.431631202673
"725",724.724724724725,448.821556433805
"726",725.725725725726,448.212309802517
"727",726.726726726727,447.603890184666
"728",727.727727727728,446.996296457633
"729",728.728728728729,446.389527500325
"730",729.72972972973,445.783582193168
"731",730.730730730731,445.178459418111
"732",731.731731731732,444.574158058619
"733",732.732732732733,443.970676999673
"734",733.733733733734,443.368015127766
"735",734.734734734735,442.766171330904
"736",735.735735735736,442.165144498604
"737",736.736736736737,441.564933521888
"738",737.737737737738,440.965537293283
"739",738.738738738739,440.366954706821
"740",739.73973973974,439.769184658035
"741",740.740740740741,439.172226043957
"742",741.741741741742,438.576077763116
"743",742.742742742743,437.980738715537
"744",743.743743743744,437.386207802736
"745",744.744744744745,436.792483927722
"746",745.745745745746,436.199565994994
"747",746.746746746747,435.607452910535
"748",747.747747747748,435.016143581816
"749",748.748748748749,434.425636917789
"750",749.74974974975,433.835931828889
"751",750.750750750751,433.247027227028
"752",751.751751751752,432.658922025596
"753",752.752752752753,432.071615139458
"754",753.753753753754,431.485105484952
"755",754.754754754755,430.899391979888
"756",755.755755755756,430.314473543542
"757",756.756756756757,429.730349096659
"758",757.757757757758,429.147017561451
"759",758.758758758759,428.564477861589
"760",759.75975975976,427.982728922208
"761",760.760760760761,427.401769669901
"762",761.761761761762,426.821599032717
"763",762.762762762763,426.242215940163
"764",763.763763763764,425.663619323197
"765",764.764764764765,425.085808114228
"766",765.765765765766,424.508781247115
"767",766.766766766767,423.932537657164
"768",767.767767767768,423.357076281126
"769",768.768768768769,422.782396057196
"770",769.76976976977,422.208495925009
"771",770.770770770771,421.635374825642
"772",771.771771771772,421.063031701605
"773",772.772772772773,420.491465496848
"774",773.773773773774,419.920675156752
"775",774.774774774775,419.350659628131
"776",775.775775775776,418.781417859227
"777",776.776776776777,418.21294879971
"778",777.777777777778,417.645251400678
"779",778.778778778779,417.07832461465
"780",779.77977977978,416.512167395568
"781",780.780780780781,415.946778698794
"782",781.781781781782,415.382157481109
"783",782.782782782783,414.818302700707
"784",783.783783783784,414.2552133172
"785",784.784784784785,413.692888291611
"786",785.785785785786,413.131326586371
"787",786.786786786787,412.570527165323
"788",787.787787787788,412.010488993713
"789",788.788788788789,411.451211038195
"790",789.78978978979,410.892692266824
"791",790.790790790791,410.334931649056
"792",791.791791791792,409.777928155745
"793",792.792792792793,409.221680759144
"794",793.793793793794,408.666188432899
"795",794.794794794795,408.11145015205
"796",795.795795795796,407.557464893029
"797",796.796796796797,407.004231633657
"798",797.797797797798,406.451749353143
"799",798.798798798799,405.90001703208
"800",799.7997997998,405.349033652446
"801",800.800800800801,404.798798197601
"802",801.801801801802,404.249309652285
"803",802.802802802803,403.700567002616
"804",803.803803803804,403.152569236089
"805",804.804804804805,402.605315341571
"806",805.805805805806,402.058804309304
"807",806.806806806807,401.513035130899
"808",807.807807807808,400.968006799339
"809",808.808808808809,400.423718308969
"810",809.80980980981,399.880168655504
"811",810.810810810811,399.337356836018
"812",811.811811811812,398.79528184895
"813",812.812812812813,398.253942694097
"814",813.813813813814,397.713338372612
"815",814.814814814815,397.173467887008
"816",815.815815815816,396.634330241148
"817",816.816816816817,396.095924440249
"818",817.817817817818,395.558249490878
"819",818.818818818819,395.021304400952
"820",819.81981981982,394.485088179731
"821",820.820820820821,393.949599837825
"822",821.821821821822,393.414838387182
"823",822.822822822823,392.880802841094
"824",823.823823823824,392.347492214193
"825",824.824824824825,391.814905522446
"826",825.825825825826,391.283041783159
"827",826.826826826827,390.751900014968
"828",827.827827827828,390.221479237844
"829",828.828828828829,389.691778473089
"830",829.82982982983,389.16279674333
"831",830.830830830831,388.634533072525
"832",831.831831831832,388.106986485953
"833",832.832832832833,387.580156010219
"834",833.833833833834,387.054040673248
"835",834.834834834835,386.528639504284
"836",835.835835835836,386.00395153389
"837",836.836836836837,385.479975793945
"838",837.837837837838,384.956711317641
"839",838.838838838839,384.434157139483
"840",839.83983983984,383.912312295287
"841",840.840840840841,383.391175822176
"842",841.841841841842,382.870746758584
"843",842.842842842843,382.351024144245
"844",843.843843843844,381.832007020201
"845",844.844844844845,381.313694428793
"846",845.845845845846,380.796085413664
"847",846.846846846847,380.279179019753
"848",847.847847847848,379.762974293296
"849",848.848848848849,379.247470281826
"850",849.84984984985,378.732666034166
"851",850.850850850851,378.218560600431
"852",851.851851851852,377.705153032026
"853",852.852852852853,377.192442381644
"854",853.853853853854,376.680427703263
"855",854.854854854855,376.169108052144
"856",855.855855855856,375.658482484833
"857",856.856856856857,375.148550059156
"858",857.857857857858,374.639309834217
"859",858.858858858859,374.130760870397
"860",859.85985985986,373.622902229354
"861",860.860860860861,373.115732974018
"862",861.861861861862,372.609252168593
"863",862.862862862863,372.103458878551
"864",863.863863863864,371.598352170634
"865",864.864864864865,371.093931112852
"866",865.865865865866,370.590194774476
"867",866.866866866867,370.087142226046
"868",867.867867867868,369.584772539359
"869",868.868868868869,369.083084787474
"870",869.86986986987,368.582078044708
"871",870.870870870871,368.081751386635
"872",871.871871871872,367.582103890082
"873",872.872872872873,367.083134633133
"874",873.873873873874,366.584842695119
"875",874.874874874875,366.087227156624
"876",875.875875875876,365.590287099478
"877",876.876876876877,365.094021606758
"878",877.877877877878,364.598429762787
"879",878.878878878879,364.103510653128
"880",879.87987987988,363.609263364589
"881",880.880880880881,363.115686985214
"882",881.881881881882,362.622780604288
"883",882.882882882883,362.13054331233
"884",883.883883883884,361.638974201095
"885",884.884884884885,361.148072363569
"886",885.885885885886,360.657836893972
"887",886.886886886887,360.168266887752
"888",887.887887887888,359.679361441584
"889",888.888888888889,359.191119653371
"890",889.88988988989,358.703540622238
"891",890.890890890891,358.216623448537
"892",891.891891891892,357.730367233837
"893",892.892892892893,357.244771080929
"894",893.893893893894,356.759834093821
"895",894.894894894895,356.275555377737
"896",895.895895895896,355.791934039117
"897",896.896896896897,355.308969185613
"898",897.897897897898,354.826659926087
"899",898.898898898899,354.345005370614
"900",899.8998998999,353.864004630473
"901",900.900900900901,353.383656818153
"902",901.901901901902,352.903961047346
"903",902.902902902903,352.424916432946
"904",903.903903903904,351.94652209105
"905",904.904904904905,351.468777138956
"906",905.905905905906,350.991680695157
"907",906.906906906907,350.515231879346
"908",907.907907907908,350.039429812408
"909",908.908908908909,349.564273616423
"910",909.90990990991,349.089762414663
"911",910.910910910911,348.615895331589
"912",911.911911911912,348.142671492851
"913",912.912912912913,347.670090025285
"914",913.913913913914,347.198150056914
"915",914.914914914915,346.726850716945
"916",915.915915915916,346.256191135763
"917",916.916916916917,345.786170444939
"918",917.917917917918,345.316787777218
"919",918.918918918919,344.848042266526
"920",919.91991991992,344.379933047961
"921",920.920920920921,343.912459257799
"922",921.921921921922,343.445620033486
"923",922.922922922923,342.979414513639
"924",923.923923923924,342.513841838044
"925",924.924924924925,342.048901147656
"926",925.925925925926,341.584591584596
"927",926.926926926927,341.120912292148
"928",927.927927927928,340.65786241476
"929",928.928928928929,340.195441098041
"930",929.92992992993,339.733647488761
"931",930.930930930931,339.272480734846
"932",931.931931931932,338.81193998538
"933",932.932932932933,338.352024390603
"934",933.933933933934,337.892733101906
"935",934.934934934935,337.434065271835
"936",935.935935935936,336.976020054082
"937",936.936936936937,336.518596603493
"938",937.937937937938,336.061794076058
"939",938.938938938939,335.605611628913
"940",939.93993993994,335.150048420339
"941",940.940940940941,334.695103609759
"942",941.941941941942,334.240776357738
"943",942.942942942943,333.787065825978
"944",943.943943943944,333.333971177321
"945",944.944944944945,332.881491575746
"946",945.945945945946,332.429626186365
"947",946.946946946947,331.978374175424
"948",947.947947947948,331.527734710302
"949",948.948948948949,331.077706959506
"950",949.94994994995,330.628290092673
"951",950.950950950951,330.179483280567
"952",951.951951951952,329.731285695078
"953",952.952952952953,329.28369650922
"954",953.953953953954,328.836714897129
"955",954.954954954955,328.390340034061
"956",955.955955955956,327.944571096395
"957",956.956956956957,327.499407261625
"958",957.957957957958,327.054847708362
"959",958.958958958959,326.610891616334
"960",959.95995995996,326.167538166379
"961",960.960960960961,325.724786540449
"962",961.961961961962,325.282635921608
"963",962.962962962963,324.841085494025
"964",963.963963963964,324.40013444298
"965",964.964964964965,323.959781954858
"966",965.965965965966,323.520027217146
"967",966.966966966967,323.080869418438
"968",967.967967967968,322.642307748427
"969",968.968968968969,322.204341397906
"970",969.96996996997,321.766969558766
"971",970.970970970971,321.330191423997
"972",971.971971971972,320.894006187683
"973",972.972972972973,320.458413045001
"974",973.973973973974,320.023411192223
"975",974.974974974975,319.58899982671
"976",975.975975975976,319.155178146914
"977",976.976976976977,318.721945352373
"978",977.977977977978,318.289300643713
"979",978.978978978979,317.857243222646
"980",979.97997997998,317.425772291966
"981",980.980980980981,316.99488705555
"982",981.981981981982,316.564586718354
"983",982.982982982983,316.134870486417
"984",983.983983983984,315.705737566851
"985",984.984984984985,315.277187167848
"986",985.985985985986,314.849218498674
"987",986.986986986987,314.421830769666
"988",987.987987987988,313.995023192236
"989",988.988988988989,313.568794978866
"990",989.98998998999,313.143145343105
"991",990.990990990991,312.718073499571
"992",991.991991991992,312.293578663948
"993",992.992992992993,311.869660052984
"994",993.993993993994,311.446316884493
"995",994.994994994995,311.023548377346
"996",995.995995995996,310.601353751478
"997",996.996996996997,310.179732227882
"998",997.997997997998,309.758683028607
"999",998.998998998999,309.338205376761
"1000",1000,308.918298496504
